problem,prefix,wave,sigma,n_samples,output_activation,sigma_schedule,sigma_start,sigma_end,sigma_n_epochs,sigma_warmup_epochs,pred_loss_weight,loss_type,lr,n_epochs,patience,val_frac
advertising-real,sd1_s005_lr1e2,0,0.05,25.0,none,constant,,,,,0.0,regret,0.01,150,40,0.2
advertising-real,sd1_s005_lr1e3,0,0.05,25.0,none,constant,,,,,0.0,regret,0.001,150,40,0.2
advertising-real,sd1_s005_lr5e3,0,0.05,25.0,none,constant,,,,,0.0,regret,0.005,150,40,0.2
advertising-real,sd1_s01_lr1e2,0,0.1,25.0,none,constant,,,,,0.0,regret,0.01,150,40,0.2
advertising-real,sd1_s01_lr1e3,0,0.1,25.0,none,constant,,,,,0.0,regret,0.001,150,40,0.2
advertising-real,sd1_s01_lr5e3,0,0.1,25.0,none,constant,,,,,0.0,regret,0.005,150,40,0.2
advertising-real,sd1_s05_lr1e2,0,0.5,25.0,none,constant,,,,,0.0,regret,0.01,150,40,0.2
advertising-real,sd1_s05_lr1e3,0,0.5,25.0,none,constant,,,,,0.0,regret,0.001,150,40,0.2
advertising-real,sd1_s05_lr5e3,0,0.5,25.0,none,constant,,,,,0.0,regret,0.005,150,40,0.2
advertising-real,smoke_sd,0,,,none,constant,,,,,0.0,regret,0.01,1,40,0.2
bipartitematching-cora,sd1_s005_lr1e2,0,0.05,25.0,none,constant,,,,,0.0,regret,0.01,300,40,0.2
bipartitematching-cora,sd1_s005_lr1e3,0,0.05,25.0,none,constant,,,,,0.0,regret,0.001,300,40,0.2
bipartitematching-cora,sd1_s005_lr5e3,0,0.05,25.0,none,constant,,,,,0.0,regret,0.005,300,40,0.2
bipartitematching-cora,sd1_s01_lr1e2,0,0.1,25.0,none,constant,,,,,0.0,regret,0.01,300,40,0.2
bipartitematching-cora,sd1_s01_lr1e3,0,0.1,25.0,none,constant,,,,,0.0,regret,0.001,300,40,0.2
bipartitematching-cora,sd1_s01_lr5e3,0,0.1,25.0,none,constant,,,,,0.0,regret,0.005,300,40,0.2
bipartitematching-cora,sd1_s05_lr1e2,0,0.5,25.0,none,constant,,,,,0.0,regret,0.01,300,40,0.2
bipartitematching-cora,sd1_s05_lr1e3,0,0.5,25.0,none,constant,,,,,0.0,regret,0.001,300,40,0.2
bipartitematching-cora,sd1_s05_lr5e3,0,0.5,25.0,none,constant,,,,,0.0,regret,0.005,300,40,0.2
bipartitematching-cora,smoke_sd,0,,,none,constant,,,,,0.0,regret,0.01,1,40,0.2
budgetalloc-real,sd1_s005_lr1e2,0,0.05,25.0,none,constant,,,,,0.0,regret,0.01,300,40,0.2
budgetalloc-real,sd1_s005_lr1e3,0,0.05,25.0,none,constant,,,,,0.0,regret,0.001,300,40,0.2
budgetalloc-real,sd1_s005_lr5e3,0,0.05,25.0,none,constant,,,,,0.0,regret,0.005,300,40,0.2
budgetalloc-real,sd1_s01_lr1e2,0,0.1,25.0,none,constant,,,,,0.0,regret,0.01,300,40,0.2
budgetalloc-real,sd1_s01_lr1e3,0,0.1,25.0,none,constant,,,,,0.0,regret,0.001,300,40,0.2
budgetalloc-real,sd1_s01_lr5e3,0,0.1,25.0,none,constant,,,,,0.0,regret,0.005,300,40,0.2
budgetalloc-real,sd1_s05_lr1e2,0,0.5,25.0,none,constant,,,,,0.0,regret,0.01,300,40,0.2
budgetalloc-real,sd1_s05_lr1e3,0,0.5,25.0,none,constant,,,,,0.0,regret,0.001,300,40,0.2
budgetalloc-real,sd1_s05_lr5e3,0,0.5,25.0,none,constant,,,,,0.0,regret,0.005,300,40,0.2
cubic-gen,sd1_cub_lin_s005to0001_w0_lr1e2,0,0.05,25.0,none,linear_decay,0.05,0.001,400.0,0.0,0.0,regret,0.01,400,80,0.2
cubic-gen,sd1_cub_lin_s005to0001_w0_lr1e3,0,0.05,25.0,none,linear_decay,0.05,0.001,400.0,0.0,0.0,regret,0.001,400,80,0.2
cubic-gen,sd1_cub_lin_s005to0001_w0_lr5e3,0,0.05,25.0,none,linear_decay,0.05,0.001,400.0,0.0,0.0,regret,0.005,400,80,0.2
cubic-gen,sd1_cub_lin_s005to0001_w0_tanh_lr1e2,0,0.05,25.0,tanh,linear_decay,0.05,0.001,400.0,0.0,0.0,regret,0.01,400,80,0.2
cubic-gen,sd1_cub_lin_s005to0001_w0_tanh_lr1e3,0,0.05,25.0,tanh,linear_decay,0.05,0.001,400.0,0.0,0.0,regret,0.001,400,80,0.2
cubic-gen,sd1_cub_lin_s005to0001_w0_tanh_lr5e3,0,0.05,25.0,tanh,linear_decay,0.05,0.001,400.0,0.0,0.0,regret,0.005,400,80,0.2
cubic-gen,sd1_cub_lin_s005to0001_w10_lr1e2,10,0.05,25.0,none,linear_decay,0.05,0.001,400.0,10.0,0.0,regret,0.01,400,80,0.2
cubic-gen,sd1_cub_lin_s005to0001_w10_lr1e3,10,0.05,25.0,none,linear_decay,0.05,0.001,400.0,10.0,0.0,regret,0.001,400,80,0.2
cubic-gen,sd1_cub_lin_s005to0001_w10_lr5e3,10,0.05,25.0,none,linear_decay,0.05,0.001,400.0,10.0,0.0,regret,0.005,400,80,0.2
cubic-gen,sd1_cub_lin_s005to0001_w10_tanh_lr1e2,10,0.05,25.0,tanh,linear_decay,0.05,0.001,400.0,10.0,0.0,regret,0.01,400,80,0.2
cubic-gen,sd1_cub_lin_s005to0001_w10_tanh_lr1e3,10,0.05,25.0,tanh,linear_decay,0.05,0.001,400.0,10.0,0.0,regret,0.001,400,80,0.2
cubic-gen,sd1_cub_lin_s005to0001_w10_tanh_lr5e3,10,0.05,25.0,tanh,linear_decay,0.05,0.001,400.0,10.0,0.0,regret,0.005,400,80,0.2
cubic-gen,sd1_cub_lin_s005to0001_w30_lr1e2,30,0.05,25.0,none,linear_decay,0.05,0.001,400.0,30.0,0.0,regret,0.01,400,80,0.2
cubic-gen,sd1_cub_lin_s005to0001_w30_lr1e3,30,0.05,25.0,none,linear_decay,0.05,0.001,400.0,30.0,0.0,regret,0.001,400,80,0.2
cubic-gen,sd1_cub_lin_s005to0001_w30_lr5e3,30,0.05,25.0,none,linear_decay,0.05,0.001,400.0,30.0,0.0,regret,0.005,400,80,0.2
cubic-gen,sd1_cub_lin_s005to0001_w30_tanh_lr1e2,30,0.05,25.0,tanh,linear_decay,0.05,0.001,400.0,30.0,0.0,regret,0.01,400,80,0.2
cubic-gen,sd1_cub_lin_s005to0001_w30_tanh_lr1e3,30,0.05,25.0,tanh,linear_decay,0.05,0.001,400.0,30.0,0.0,regret,0.001,400,80,0.2
cubic-gen,sd1_cub_lin_s005to0001_w30_tanh_lr5e3,30,0.05,25.0,tanh,linear_decay,0.05,0.001,400.0,30.0,0.0,regret,0.005,400,80,0.2
cubic-gen,sd1_cub_lin_s005to0005_w0_lr1e2,0,0.05,25.0,none,linear_decay,0.05,0.005,400.0,0.0,0.0,regret,0.01,400,80,0.2
cubic-gen,sd1_cub_lin_s005to0005_w0_lr1e3,0,0.05,25.0,none,linear_decay,0.05,0.005,400.0,0.0,0.0,regret,0.001,400,80,0.2
cubic-gen,sd1_cub_lin_s005to0005_w0_lr5e3,0,0.05,25.0,none,linear_decay,0.05,0.005,400.0,0.0,0.0,regret,0.005,400,80,0.2
cubic-gen,sd1_cub_lin_s005to0005_w0_tanh_lr1e2,0,0.05,25.0,tanh,linear_decay,0.05,0.005,400.0,0.0,0.0,regret,0.01,400,80,0.2
cubic-gen,sd1_cub_lin_s005to0005_w0_tanh_lr1e3,0,0.05,25.0,tanh,linear_decay,0.05,0.005,400.0,0.0,0.0,regret,0.001,400,80,0.2
cubic-gen,sd1_cub_lin_s005to0005_w0_tanh_lr5e3,0,0.05,25.0,tanh,linear_decay,0.05,0.005,400.0,0.0,0.0,regret,0.005,400,80,0.2
cubic-gen,sd1_cub_lin_s005to0005_w10_lr1e2,10,0.05,25.0,none,linear_decay,0.05,0.005,400.0,10.0,0.0,regret,0.01,400,80,0.2
cubic-gen,sd1_cub_lin_s005to0005_w10_lr1e3,10,0.05,25.0,none,linear_decay,0.05,0.005,400.0,10.0,0.0,regret,0.001,400,80,0.2
cubic-gen,sd1_cub_lin_s005to0005_w10_lr5e3,10,0.05,25.0,none,linear_decay,0.05,0.005,400.0,10.0,0.0,regret,0.005,400,80,0.2
cubic-gen,sd1_cub_lin_s005to0005_w10_tanh_lr1e2,10,0.05,25.0,tanh,linear_decay,0.05,0.005,400.0,10.0,0.0,regret,0.01,400,80,0.2
cubic-gen,sd1_cub_lin_s005to0005_w10_tanh_lr1e3,10,0.05,25.0,tanh,linear_decay,0.05,0.005,400.0,10.0,0.0,regret,0.001,400,80,0.2
cubic-gen,sd1_cub_lin_s005to0005_w10_tanh_lr5e3,10,0.05,25.0,tanh,linear_decay,0.05,0.005,400.0,10.0,0.0,regret,0.005,400,80,0.2
cubic-gen,sd1_cub_lin_s005to0005_w30_lr1e2,30,0.05,25.0,none,linear_decay,0.05,0.005,400.0,30.0,0.0,regret,0.01,400,80,0.2
cubic-gen,sd1_cub_lin_s005to0005_w30_lr1e3,30,0.05,25.0,none,linear_decay,0.05,0.005,400.0,30.0,0.0,regret,0.001,400,80,0.2
cubic-gen,sd1_cub_lin_s005to0005_w30_lr5e3,30,0.05,25.0,none,linear_decay,0.05,0.005,400.0,30.0,0.0,regret,0.005,400,80,0.2
cubic-gen,sd1_cub_lin_s005to0005_w30_tanh_lr1e2,30,0.05,25.0,tanh,linear_decay,0.05,0.005,400.0,30.0,0.0,regret,0.01,400,80,0.2
cubic-gen,sd1_cub_lin_s005to0005_w30_tanh_lr1e3,30,0.05,25.0,tanh,linear_decay,0.05,0.005,400.0,30.0,0.0,regret,0.001,400,80,0.2
cubic-gen,sd1_cub_lin_s005to0005_w30_tanh_lr5e3,30,0.05,25.0,tanh,linear_decay,0.05,0.005,400.0,30.0,0.0,regret,0.005,400,80,0.2
cubic-gen,sd1_cub_lin_s01to0001_w0_lr1e2,0,0.1,25.0,none,linear_decay,0.1,0.001,400.0,0.0,0.0,regret,0.01,400,80,0.2
cubic-gen,sd1_cub_lin_s01to0001_w0_lr1e3,0,0.1,25.0,none,linear_decay,0.1,0.001,400.0,0.0,0.0,regret,0.001,400,80,0.2
cubic-gen,sd1_cub_lin_s01to0001_w0_lr5e3,0,0.1,25.0,none,linear_decay,0.1,0.001,400.0,0.0,0.0,regret,0.005,400,80,0.2
cubic-gen,sd1_cub_lin_s01to0001_w0_tanh_lr1e2,0,0.1,25.0,tanh,linear_decay,0.1,0.001,400.0,0.0,0.0,regret,0.01,400,80,0.2
cubic-gen,sd1_cub_lin_s01to0001_w0_tanh_lr1e3,0,0.1,25.0,tanh,linear_decay,0.1,0.001,400.0,0.0,0.0,regret,0.001,400,80,0.2
cubic-gen,sd1_cub_lin_s01to0001_w0_tanh_lr5e3,0,0.1,25.0,tanh,linear_decay,0.1,0.001,400.0,0.0,0.0,regret,0.005,400,80,0.2
cubic-gen,sd1_cub_lin_s01to0001_w10_lr1e2,10,0.1,25.0,none,linear_decay,0.1,0.001,400.0,10.0,0.0,regret,0.01,400,80,0.2
cubic-gen,sd1_cub_lin_s01to0001_w10_lr1e3,10,0.1,25.0,none,linear_decay,0.1,0.001,400.0,10.0,0.0,regret,0.001,400,80,0.2
cubic-gen,sd1_cub_lin_s01to0001_w10_lr5e3,10,0.1,25.0,none,linear_decay,0.1,0.001,400.0,10.0,0.0,regret,0.005,400,80,0.2
cubic-gen,sd1_cub_lin_s01to0001_w10_tanh_lr1e2,10,0.1,25.0,tanh,linear_decay,0.1,0.001,400.0,10.0,0.0,regret,0.01,400,80,0.2
cubic-gen,sd1_cub_lin_s01to0001_w10_tanh_lr1e3,10,0.1,25.0,tanh,linear_decay,0.1,0.001,400.0,10.0,0.0,regret,0.001,400,80,0.2
cubic-gen,sd1_cub_lin_s01to0001_w10_tanh_lr5e3,10,0.1,25.0,tanh,linear_decay,0.1,0.001,400.0,10.0,0.0,regret,0.005,400,80,0.2
cubic-gen,sd1_cub_lin_s01to0001_w30_lr1e2,30,0.1,25.0,none,linear_decay,0.1,0.001,400.0,30.0,0.0,regret,0.01,400,80,0.2
cubic-gen,sd1_cub_lin_s01to0001_w30_lr1e3,30,0.1,25.0,none,linear_decay,0.1,0.001,400.0,30.0,0.0,regret,0.001,400,80,0.2
cubic-gen,sd1_cub_lin_s01to0001_w30_lr5e3,30,0.1,25.0,none,linear_decay,0.1,0.001,400.0,30.0,0.0,regret,0.005,400,80,0.2
cubic-gen,sd1_cub_lin_s01to0001_w30_tanh_lr1e2,30,0.1,25.0,tanh,linear_decay,0.1,0.001,400.0,30.0,0.0,regret,0.01,400,80,0.2
cubic-gen,sd1_cub_lin_s01to0001_w30_tanh_lr1e3,30,0.1,25.0,tanh,linear_decay,0.1,0.001,400.0,30.0,0.0,regret,0.001,400,80,0.2
cubic-gen,sd1_cub_lin_s01to0001_w30_tanh_lr5e3,30,0.1,25.0,tanh,linear_decay,0.1,0.001,400.0,30.0,0.0,regret,0.005,400,80,0.2
cubic-gen,sd1_cub_lin_s01to001_w0_lr1e2,0,0.1,25.0,none,linear_decay,0.1,0.01,400.0,0.0,0.0,regret,0.01,400,80,0.2
cubic-gen,sd1_cub_lin_s01to001_w0_lr1e3,0,0.1,25.0,none,linear_decay,0.1,0.01,400.0,0.0,0.0,regret,0.001,400,80,0.2
cubic-gen,sd1_cub_lin_s01to001_w0_lr5e3,0,0.1,25.0,none,linear_decay,0.1,0.01,400.0,0.0,0.0,regret,0.005,400,80,0.2
cubic-gen,sd1_cub_lin_s01to001_w0_tanh_lr1e2,0,0.1,25.0,tanh,linear_decay,0.1,0.01,400.0,0.0,0.0,regret,0.01,400,80,0.2
cubic-gen,sd1_cub_lin_s01to001_w0_tanh_lr1e3,0,0.1,25.0,tanh,linear_decay,0.1,0.01,400.0,0.0,0.0,regret,0.001,400,80,0.2
cubic-gen,sd1_cub_lin_s01to001_w0_tanh_lr5e3,0,0.1,25.0,tanh,linear_decay,0.1,0.01,400.0,0.0,0.0,regret,0.005,400,80,0.2
cubic-gen,sd1_cub_lin_s01to001_w10_lr1e2,10,0.1,25.0,none,linear_decay,0.1,0.01,400.0,10.0,0.0,regret,0.01,400,80,0.2
cubic-gen,sd1_cub_lin_s01to001_w10_lr1e3,10,0.1,25.0,none,linear_decay,0.1,0.01,400.0,10.0,0.0,regret,0.001,400,80,0.2
cubic-gen,sd1_cub_lin_s01to001_w10_lr5e3,10,0.1,25.0,none,linear_decay,0.1,0.01,400.0,10.0,0.0,regret,0.005,400,80,0.2
cubic-gen,sd1_cub_lin_s01to001_w10_tanh_lr1e2,10,0.1,25.0,tanh,linear_decay,0.1,0.01,400.0,10.0,0.0,regret,0.01,400,80,0.2
cubic-gen,sd1_cub_lin_s01to001_w10_tanh_lr1e3,10,0.1,25.0,tanh,linear_decay,0.1,0.01,400.0,10.0,0.0,regret,0.001,400,80,0.2
cubic-gen,sd1_cub_lin_s01to001_w10_tanh_lr5e3,10,0.1,25.0,tanh,linear_decay,0.1,0.01,400.0,10.0,0.0,regret,0.005,400,80,0.2
cubic-gen,sd1_cub_lin_s01to001_w30_lr1e2,30,0.1,25.0,none,linear_decay,0.1,0.01,400.0,30.0,0.0,regret,0.01,400,80,0.2
cubic-gen,sd1_cub_lin_s01to001_w30_lr1e3,30,0.1,25.0,none,linear_decay,0.1,0.01,400.0,30.0,0.0,regret,0.001,400,80,0.2
cubic-gen,sd1_cub_lin_s01to001_w30_lr5e3,30,0.1,25.0,none,linear_decay,0.1,0.01,400.0,30.0,0.0,regret,0.005,400,80,0.2
cubic-gen,sd1_cub_lin_s01to001_w30_tanh_lr1e2,30,0.1,25.0,tanh,linear_decay,0.1,0.01,400.0,30.0,0.0,regret,0.01,400,80,0.2
cubic-gen,sd1_cub_lin_s01to001_w30_tanh_lr1e3,30,0.1,25.0,tanh,linear_decay,0.1,0.01,400.0,30.0,0.0,regret,0.001,400,80,0.2
cubic-gen,sd1_cub_lin_s01to001_w30_tanh_lr5e3,30,0.1,25.0,tanh,linear_decay,0.1,0.01,400.0,30.0,0.0,regret,0.005,400,80,0.2
cubic-gen,sd1_cub_lin_s05to001_w0_lr1e2,0,0.5,25.0,none,linear_decay,0.5,0.01,400.0,0.0,0.0,regret,0.01,400,80,0.2
cubic-gen,sd1_cub_lin_s05to001_w0_lr1e3,0,0.5,25.0,none,linear_decay,0.5,0.01,400.0,0.0,0.0,regret,0.001,400,80,0.2
cubic-gen,sd1_cub_lin_s05to001_w0_lr5e3,0,0.5,25.0,none,linear_decay,0.5,0.01,400.0,0.0,0.0,regret,0.005,400,80,0.2
cubic-gen,sd1_cub_lin_s05to001_w0_tanh_lr1e2,0,0.5,25.0,tanh,linear_decay,0.5,0.01,400.0,0.0,0.0,regret,0.01,400,80,0.2
cubic-gen,sd1_cub_lin_s05to001_w0_tanh_lr1e3,0,0.5,25.0,tanh,linear_decay,0.5,0.01,400.0,0.0,0.0,regret,0.001,400,80,0.2
cubic-gen,sd1_cub_lin_s05to001_w0_tanh_lr5e3,0,0.5,25.0,tanh,linear_decay,0.5,0.01,400.0,0.0,0.0,regret,0.005,400,80,0.2
cubic-gen,sd1_cub_lin_s05to001_w10_lr1e2,10,0.5,25.0,none,linear_decay,0.5,0.01,400.0,10.0,0.0,regret,0.01,400,80,0.2
cubic-gen,sd1_cub_lin_s05to001_w10_lr1e3,10,0.5,25.0,none,linear_decay,0.5,0.01,400.0,10.0,0.0,regret,0.001,400,80,0.2
cubic-gen,sd1_cub_lin_s05to001_w10_lr5e3,10,0.5,25.0,none,linear_decay,0.5,0.01,400.0,10.0,0.0,regret,0.005,400,80,0.2
cubic-gen,sd1_cub_lin_s05to001_w10_tanh_lr1e2,10,0.5,25.0,tanh,linear_decay,0.5,0.01,400.0,10.0,0.0,regret,0.01,400,80,0.2
cubic-gen,sd1_cub_lin_s05to001_w10_tanh_lr1e3,10,0.5,25.0,tanh,linear_decay,0.5,0.01,400.0,10.0,0.0,regret,0.001,400,80,0.2
cubic-gen,sd1_cub_lin_s05to001_w10_tanh_lr5e3,10,0.5,25.0,tanh,linear_decay,0.5,0.01,400.0,10.0,0.0,regret,0.005,400,80,0.2
cubic-gen,sd1_cub_lin_s05to001_w30_lr1e2,30,0.5,25.0,none,linear_decay,0.5,0.01,400.0,30.0,0.0,regret,0.01,400,80,0.2
cubic-gen,sd1_cub_lin_s05to001_w30_lr1e3,30,0.5,25.0,none,linear_decay,0.5,0.01,400.0,30.0,0.0,regret,0.001,400,80,0.2
cubic-gen,sd1_cub_lin_s05to001_w30_lr5e3,30,0.5,25.0,none,linear_decay,0.5,0.01,400.0,30.0,0.0,regret,0.005,400,80,0.2
cubic-gen,sd1_cub_lin_s05to001_w30_tanh_lr1e2,30,0.5,25.0,tanh,linear_decay,0.5,0.01,400.0,30.0,0.0,regret,0.01,400,80,0.2
cubic-gen,sd1_cub_lin_s05to001_w30_tanh_lr1e3,30,0.5,25.0,tanh,linear_decay,0.5,0.01,400.0,30.0,0.0,regret,0.001,400,80,0.2
cubic-gen,sd1_cub_lin_s05to001_w30_tanh_lr5e3,30,0.5,25.0,tanh,linear_decay,0.5,0.01,400.0,30.0,0.0,regret,0.005,400,80,0.2
cubic-gen,sd1_s005_lr1e2,0,0.05,25.0,none,constant,,,,,0.0,regret,0.01,300,40,0.2
cubic-gen,sd1_s005_lr1e3,0,0.05,25.0,none,constant,,,,,0.0,regret,0.001,300,40,0.2
cubic-gen,sd1_s005_lr5e3,0,0.05,25.0,none,constant,,,,,0.0,regret,0.005,300,40,0.2
cubic-gen,sd1_s01_lr1e2,0,0.1,25.0,none,constant,,,,,0.0,regret,0.01,300,40,0.2
cubic-gen,sd1_s01_lr1e3,0,0.1,25.0,none,constant,,,,,0.0,regret,0.001,300,40,0.2
cubic-gen,sd1_s01_lr5e3,0,0.1,25.0,none,constant,,,,,0.0,regret,0.005,300,40,0.2
cubic-gen,sd1_s05_lr1e2,0,0.5,25.0,none,constant,,,,,0.0,regret,0.01,300,40,0.2
cubic-gen,sd1_s05_lr1e3,0,0.5,25.0,none,constant,,,,,0.0,regret,0.001,300,40,0.2
cubic-gen,sd1_s05_lr5e3,0,0.5,25.0,none,constant,,,,,0.0,regret,0.005,300,40,0.2
cubic-gen,smoke_sd,0,,,none,constant,,,,,0.0,regret,0.05,1,40,0.2
energy-energy,sd1_en_w1_sig_s005_lr1e2,1,0.05,1.0,sigmoid,constant,,,,,0.0,regret,0.01,300,40,0.2
energy-energy,sd1_en_w1_sig_s005_lr5e2,1,0.05,1.0,sigmoid,constant,,,,,0.0,regret,0.05,300,40,0.2
energy-energy,sd1_en_w1_sig_s005_lr5e3,1,0.05,1.0,sigmoid,constant,,,,,0.0,regret,0.005,300,40,0.2
energy-energy,sd1_en_w1_sig_s01_lr1e2,1,0.1,1.0,sigmoid,constant,,,,,0.0,regret,0.01,300,40,0.2
energy-energy,sd1_en_w1_sig_s01_lr5e2,1,0.1,1.0,sigmoid,constant,,,,,0.0,regret,0.05,300,40,0.2
energy-energy,sd1_en_w1_sig_s01_lr5e3,1,0.1,1.0,sigmoid,constant,,,,,0.0,regret,0.005,300,40,0.2
energy-energy,sd1_en_w1_sig_s05_ann_lr1e2,1,0.5,1.0,sigmoid,linear_decay,0.5,0.01,200.0,0.0,0.0,regret,0.01,300,40,0.2
energy-energy,sd1_en_w1_sig_s05_ann_lr5e2,1,0.5,1.0,sigmoid,linear_decay,0.5,0.01,200.0,0.0,0.0,regret,0.05,300,40,0.2
energy-energy,sd1_en_w1_sig_s05_ann_lr5e3,1,0.5,1.0,sigmoid,linear_decay,0.5,0.01,200.0,0.0,0.0,regret,0.005,300,40,0.2
energy-energy,sd1_en_w1_sig_s05_lr1e2,1,0.5,1.0,sigmoid,constant,,,,,0.0,regret,0.01,300,40,0.2
energy-energy,sd1_en_w1_sig_s05_lr5e2,1,0.5,1.0,sigmoid,constant,,,,,0.0,regret,0.05,300,40,0.2
energy-energy,sd1_en_w1_sig_s05_lr5e3,1,0.5,1.0,sigmoid,constant,,,,,0.0,regret,0.005,300,40,0.2
energy-energy,sd1_en_w2_none_s05_n25_lr1e2,2,0.5,25.0,none,constant,,,,,0.0,objective,0.01,300,40,0.5
energy-energy,sd1_en_w2_sig_s01_lr1e2,2,0.1,1.0,sigmoid,constant,,,,,0.0,objective,0.01,300,40,0.5
energy-energy,sd1_en_w2_sig_s05_ann_lr1e2,2,0.5,1.0,sigmoid,linear_decay,0.5,0.01,200.0,0.0,0.0,objective,0.01,300,40,0.5
energy-energy,sd1_en_w2_sig_s05_lr1e2,2,0.5,1.0,sigmoid,constant,,,,,0.0,objective,0.01,300,40,0.5
energy-energy,sd1_en_w2_sig_s05_lr5e2,2,0.5,1.0,sigmoid,constant,,,,,0.0,objective,0.05,300,40,0.5
energy-energy,sd1_s005_lr1e2,0,0.05,1.0,none,constant,,,,,0.0,regret,0.01,300,40,0.2
energy-energy,sd1_s005_lr1e3,0,0.05,1.0,none,constant,,,,,0.0,regret,0.001,300,40,0.2
energy-energy,sd1_s005_lr5e3,0,0.05,1.0,none,constant,,,,,0.0,regret,0.005,300,40,0.2
energy-energy,sd1_s01_lr1e2,0,0.1,1.0,none,constant,,,,,0.0,regret,0.01,300,40,0.2
energy-energy,sd1_s01_lr1e3,0,0.1,1.0,none,constant,,,,,0.0,regret,0.001,300,40,0.2
energy-energy,sd1_s01_lr5e3,0,0.1,1.0,none,constant,,,,,0.0,regret,0.005,300,40,0.2
energy-energy,sd1_s05_lr1e2,0,0.5,1.0,none,constant,,,,,0.0,regret,0.01,300,40,0.2
energy-energy,sd1_s05_lr1e3,0,0.5,1.0,none,constant,,,,,0.0,regret,0.001,300,40,0.2
energy-energy,sd1_s05_lr5e3,0,0.5,1.0,none,constant,,,,,0.0,regret,0.005,300,40,0.2
knapsack-energy,sd1_s005_lr1e2,0,0.05,25.0,none,constant,,,,,0.0,regret,0.01,300,40,0.2
knapsack-energy,sd1_s005_lr1e3,0,0.05,25.0,none,constant,,,,,0.0,regret,0.001,300,40,0.2
knapsack-energy,sd1_s005_lr5e3,0,0.05,25.0,none,constant,,,,,0.0,regret,0.005,300,40,0.2
knapsack-energy,sd1_s01_lr1e2,0,0.1,25.0,none,constant,,,,,0.0,regret,0.01,300,40,0.2
knapsack-energy,sd1_s01_lr1e3,0,0.1,25.0,none,constant,,,,,0.0,regret,0.001,300,40,0.2
knapsack-energy,sd1_s01_lr5e3,0,0.1,25.0,none,constant,,,,,0.0,regret,0.005,300,40,0.2
knapsack-energy,sd1_s05_lr1e2,0,0.5,25.0,none,constant,,,,,0.0,regret,0.01,300,40,0.2
knapsack-energy,sd1_s05_lr1e3,0,0.5,25.0,none,constant,,,,,0.0,regret,0.001,300,40,0.2
knapsack-energy,sd1_s05_lr5e3,0,0.5,25.0,none,constant,,,,,0.0,regret,0.005,300,40,0.2
knapsack-energy,smoke_sd,0,,,none,constant,,,,,0.0,regret,0.01,1,40,0.2
knapsack-gen,sd1_kn_n1_s05_plw01_lr1e3,0,0.5,1.0,none,constant,,,,,0.1,regret,0.001,500,80,0.2
knapsack-gen,sd1_kn_n1_s05_plw01_lr5e3,0,0.5,1.0,none,constant,,,,,0.1,regret,0.005,500,80,0.2
knapsack-gen,sd1_kn_n1_s05_plw0_lr1e3,0,0.5,1.0,none,constant,,,,,0.0,regret,0.001,500,80,0.2
knapsack-gen,sd1_kn_n1_s05_plw0_lr5e3,0,0.5,1.0,none,constant,,,,,0.0,regret,0.005,500,80,0.2
knapsack-gen,sd1_kn_n1_s10_plw01_lr1e3,0,1.0,1.0,none,constant,,,,,0.1,regret,0.001,500,80,0.2
knapsack-gen,sd1_kn_n1_s10_plw01_lr5e3,0,1.0,1.0,none,constant,,,,,0.1,regret,0.005,500,80,0.2
knapsack-gen,sd1_kn_n1_s10_plw0_lr1e3,0,1.0,1.0,none,constant,,,,,0.0,regret,0.001,500,80,0.2
knapsack-gen,sd1_kn_n1_s10_plw0_lr5e3,0,1.0,1.0,none,constant,,,,,0.0,regret,0.005,500,80,0.2
knapsack-gen,sd1_kn_n1_s20_plw01_lr1e3,0,2.0,1.0,none,constant,,,,,0.1,regret,0.001,500,80,0.2
knapsack-gen,sd1_kn_n1_s20_plw01_lr5e3,0,2.0,1.0,none,constant,,,,,0.1,regret,0.005,500,80,0.2
knapsack-gen,sd1_kn_n1_s20_plw0_lr1e3,0,2.0,1.0,none,constant,,,,,0.0,regret,0.001,500,80,0.2
knapsack-gen,sd1_kn_n1_s20_plw0_lr5e3,0,2.0,1.0,none,constant,,,,,0.0,regret,0.005,500,80,0.2
knapsack-gen,sd1_kn_n5_s05_plw01_lr1e3,0,0.5,5.0,none,constant,,,,,0.1,regret,0.001,500,80,0.2
knapsack-gen,sd1_kn_n5_s05_plw01_lr5e3,0,0.5,5.0,none,constant,,,,,0.1,regret,0.005,500,80,0.2
knapsack-gen,sd1_kn_n5_s05_plw0_lr1e3,0,0.5,5.0,none,constant,,,,,0.0,regret,0.001,500,80,0.2
knapsack-gen,sd1_kn_n5_s05_plw0_lr5e3,0,0.5,5.0,none,constant,,,,,0.0,regret,0.005,500,80,0.2
knapsack-gen,sd1_kn_n5_s10_plw01_lr1e3,0,1.0,5.0,none,constant,,,,,0.1,regret,0.001,500,80,0.2
knapsack-gen,sd1_kn_n5_s10_plw01_lr5e3,0,1.0,5.0,none,constant,,,,,0.1,regret,0.005,500,80,0.2
knapsack-gen,sd1_kn_n5_s10_plw0_lr1e3,0,1.0,5.0,none,constant,,,,,0.0,regret,0.001,500,80,0.2
knapsack-gen,sd1_kn_n5_s10_plw0_lr5e3,0,1.0,5.0,none,constant,,,,,0.0,regret,0.005,500,80,0.2
knapsack-gen,sd1_kn_n5_s20_plw01_lr1e3,0,2.0,5.0,none,constant,,,,,0.1,regret,0.001,500,80,0.2
knapsack-gen,sd1_kn_n5_s20_plw01_lr5e3,0,2.0,5.0,none,constant,,,,,0.1,regret,0.005,500,80,0.2
knapsack-gen,sd1_kn_n5_s20_plw0_lr1e3,0,2.0,5.0,none,constant,,,,,0.0,regret,0.001,500,80,0.2
knapsack-gen,sd1_kn_n5_s20_plw0_lr5e3,0,2.0,5.0,none,constant,,,,,0.0,regret,0.005,500,80,0.2
knapsack-gen,sd1_kn_w3_se001_w100_lr1e3,3,0.5,5.0,none,linear_decay,0.5,0.01,200.0,100.0,0.0,regret,0.001,500,150,0.2
knapsack-gen,sd1_kn_w3_se001_w100_lr5e3,3,0.5,5.0,none,linear_decay,0.5,0.01,200.0,100.0,0.0,regret,0.005,500,150,0.2
knapsack-gen,sd1_kn_w3_se001_w50_lr5e3,3,0.5,5.0,none,linear_decay,0.5,0.01,150.0,50.0,0.0,regret,0.005,500,150,0.2
knapsack-gen,sd1_kn_w3_se005_w100_lr1e3,3,0.5,5.0,none,linear_decay,0.5,0.05,200.0,100.0,0.0,regret,0.001,500,150,0.2
knapsack-gen,sd1_kn_w3_se005_w100_lr5e3,3,0.5,5.0,none,linear_decay,0.5,0.05,200.0,100.0,0.0,regret,0.005,500,150,0.2
knapsack-gen,sd1_kn_w3_se005_w50_lr1e3,3,0.5,5.0,none,linear_decay,0.5,0.05,150.0,50.0,0.0,regret,0.001,500,150,0.2
knapsack-gen,sd1_kn_w3_se005_w50_lr5e3,3,0.5,5.0,none,linear_decay,0.5,0.05,150.0,50.0,0.0,regret,0.005,500,150,0.2
knapsack-gen,sd1_kn_w4_grow_se20_lr1e3,4,0.5,5.0,none,linear_decay,0.5,2.0,200.0,50.0,0.0,regret,0.001,500,150,0.2
knapsack-gen,sd1_kn_w4_grow_se20_lr5e3,4,0.5,5.0,none,linear_decay,0.5,2.0,200.0,50.0,0.0,regret,0.005,500,150,0.2
knapsack-gen,sd1_kn_w4_grow_se50_lr1e3,4,0.5,5.0,none,linear_decay,0.5,5.0,200.0,50.0,0.0,regret,0.001,500,150,0.2
knapsack-gen,sd1_kn_w4_grow_se50_lr5e3,4,0.5,5.0,none,linear_decay,0.5,5.0,200.0,50.0,0.0,regret,0.005,500,150,0.2
knapsack-gen,sd1_kn_w4_sig_s005_lr1e3,4,0.05,5.0,sigmoid,constant,,,,,0.0,regret,0.001,500,150,0.2
knapsack-gen,sd1_kn_w4_sig_s005_lr5e3,4,0.05,5.0,sigmoid,constant,,,,,0.0,regret,0.005,500,150,0.2
knapsack-gen,sd1_kn_w4_sig_s01_lr1e3,4,0.1,5.0,sigmoid,constant,,,,,0.0,regret,0.001,500,150,0.2
knapsack-gen,sd1_kn_w4_sig_s01_lr5e3,4,0.1,5.0,sigmoid,constant,,,,,0.0,regret,0.005,500,150,0.2
knapsack-gen,sd1_kn_w4_sig_s05_lr1e3,4,0.5,5.0,sigmoid,constant,,,,,0.0,regret,0.001,500,150,0.2
knapsack-gen,sd1_kn_w4_sig_s05_lr5e3,4,0.5,5.0,sigmoid,constant,,,,,0.0,regret,0.005,500,150,0.2
knapsack-gen,sd1_kn_w4_sig_s10_lr1e3,4,1.0,5.0,sigmoid,constant,,,,,0.0,regret,0.001,500,150,0.2
knapsack-gen,sd1_kn_w4_sig_s10_lr5e3,4,1.0,5.0,sigmoid,constant,,,,,0.0,regret,0.005,500,150,0.2
knapsack-gen,sd1_kn_w5_sig_s005_ann_lr1e2,5,0.05,5.0,sigmoid,linear_decay,0.05,0.01,190.0,90.0,0.0,regret,0.01,500,150,0.2
knapsack-gen,sd1_kn_w5_sig_s005_ann_lr5e3,5,0.05,5.0,sigmoid,linear_decay,0.05,0.01,190.0,90.0,0.0,regret,0.005,500,150,0.2
knapsack-gen,sd1_kn_w5_sig_s005_const_lr1e2,5,0.05,5.0,sigmoid,constant,,,,,0.0,regret,0.01,500,150,0.2
knapsack-gen,sd1_kn_w5_sig_s01_ann_lr1e2,5,0.1,5.0,sigmoid,linear_decay,0.1,0.01,190.0,90.0,0.0,regret,0.01,500,150,0.2
knapsack-gen,sd1_kn_w5_sig_s01_ann_lr5e3,5,0.1,5.0,sigmoid,linear_decay,0.1,0.01,190.0,90.0,0.0,regret,0.005,500,150,0.2
knapsack-gen,sd1_kn_w5_sig_s01_const_lr1e2,5,0.1,5.0,sigmoid,constant,,,,,0.0,regret,0.01,500,150,0.2
knapsack-gen,sd1_kn_w5_sig_s05_ann_lr1e2,5,0.5,5.0,sigmoid,linear_decay,0.5,0.01,190.0,90.0,0.0,regret,0.01,500,150,0.2
knapsack-gen,sd1_kn_w5_sig_s05_ann_lr5e3,5,0.5,5.0,sigmoid,linear_decay,0.5,0.01,190.0,90.0,0.0,regret,0.005,500,150,0.2
knapsack-gen,sd1_kn_w5_sig_s05_const_lr1e2,5,0.5,5.0,sigmoid,constant,,,,,0.0,regret,0.01,500,150,0.2
knapsack-gen,sd1_kn_w5_sig_s10_ann_lr1e2,5,1.0,5.0,sigmoid,linear_decay,1.0,0.01,190.0,90.0,0.0,regret,0.01,500,150,0.2
knapsack-gen,sd1_kn_w5_sig_s10_ann_lr5e3,5,1.0,5.0,sigmoid,linear_decay,1.0,0.01,190.0,90.0,0.0,regret,0.005,500,150,0.2
knapsack-gen,sd1_kn_w5_sig_s10_const_lr1e2,5,1.0,5.0,sigmoid,constant,,,,,0.0,regret,0.01,500,150,0.2
knapsack-gen,sd1_kn_w5_tanh_s005_ann_lr1e2,5,0.05,5.0,tanh,linear_decay,0.05,0.01,190.0,90.0,0.0,regret,0.01,500,150,0.2
knapsack-gen,sd1_kn_w5_tanh_s005_ann_lr5e3,5,0.05,5.0,tanh,linear_decay,0.05,0.01,190.0,90.0,0.0,regret,0.005,500,150,0.2
knapsack-gen,sd1_kn_w5_tanh_s005_const_lr1e2,5,0.05,5.0,tanh,constant,,,,,0.0,regret,0.01,500,150,0.2
knapsack-gen,sd1_kn_w5_tanh_s01_ann_lr1e2,5,0.1,5.0,tanh,linear_decay,0.1,0.01,190.0,90.0,0.0,regret,0.01,500,150,0.2
knapsack-gen,sd1_kn_w5_tanh_s01_ann_lr5e3,5,0.1,5.0,tanh,linear_decay,0.1,0.01,190.0,90.0,0.0,regret,0.005,500,150,0.2
knapsack-gen,sd1_kn_w5_tanh_s01_const_lr1e2,5,0.1,5.0,tanh,constant,,,,,0.0,regret,0.01,500,150,0.2
knapsack-gen,sd1_kn_w5_tanh_s05_ann_lr1e2,5,0.5,5.0,tanh,linear_decay,0.5,0.01,190.0,90.0,0.0,regret,0.01,500,150,0.2
knapsack-gen,sd1_kn_w5_tanh_s05_ann_lr5e3,5,0.5,5.0,tanh,linear_decay,0.5,0.01,190.0,90.0,0.0,regret,0.005,500,150,0.2
knapsack-gen,sd1_kn_w5_tanh_s05_const_lr1e2,5,0.5,5.0,tanh,constant,,,,,0.0,regret,0.01,500,150,0.2
knapsack-gen,sd1_kn_w5_tanh_s10_ann_lr1e2,5,1.0,5.0,tanh,linear_decay,1.0,0.01,190.0,90.0,0.0,regret,0.01,500,150,0.2
knapsack-gen,sd1_kn_w5_tanh_s10_ann_lr5e3,5,1.0,5.0,tanh,linear_decay,1.0,0.01,190.0,90.0,0.0,regret,0.005,500,150,0.2
knapsack-gen,sd1_kn_w5_tanh_s10_const_lr1e2,5,1.0,5.0,tanh,constant,,,,,0.0,regret,0.01,500,150,0.2
knapsack-gen,sd1_kn_w6_tanh_s05_lr1e2,6,0.5,50.0,tanh,constant,,,,,0.0,regret,0.01,500,150,0.2
knapsack-gen,sd1_kn_w6_tanh_s05_lr5e2,6,0.5,50.0,tanh,constant,,,,,0.0,regret,0.05,500,150,0.2
knapsack-gen,sd1_kn_w6_tanh_s10_lr1e2,6,1.0,50.0,tanh,constant,,,,,0.0,regret,0.01,500,150,0.2
knapsack-gen,sd1_kn_w6_tanh_s10_lr5e2,6,1.0,50.0,tanh,constant,,,,,0.0,regret,0.05,500,150,0.2
knapsack-gen,sd1_kn_w7_none_s05_n25_lr1e2,7,0.5,25.0,none,constant,,,,,0.0,objective,0.01,500,150,0.5
knapsack-gen,sd1_kn_w7_none_s05_n25_lr5e3,7,0.5,25.0,none,constant,,,,,0.0,objective,0.005,500,150,0.5
knapsack-gen,sd1_kn_w7_none_s10_n5_lr5e3,7,1.0,5.0,none,constant,,,,,0.0,objective,0.005,500,150,0.5
knapsack-gen,sd1_kn_w7_tanh_s05_n50_lr1e2,7,0.5,50.0,tanh,constant,,,,,0.0,objective,0.01,500,150,0.5
knapsack-gen,sd1_kn_w7_tanh_s10_n50_lr1e2,7,1.0,50.0,tanh,constant,,,,,0.0,objective,0.01,500,150,0.5
knapsack-gen,sd1_s005_lr1e2,0,0.05,25.0,none,constant,,,,,0.0,regret,0.01,300,40,0.2
knapsack-gen,sd1_s005_lr1e3,0,0.05,25.0,none,constant,,,,,0.0,regret,0.001,300,40,0.2
knapsack-gen,sd1_s005_lr5e3,0,0.05,25.0,none,constant,,,,,0.0,regret,0.005,300,40,0.2
knapsack-gen,sd1_s01_lr1e2,0,0.1,25.0,none,constant,,,,,0.0,regret,0.01,300,40,0.2
knapsack-gen,sd1_s01_lr1e3,0,0.1,25.0,none,constant,,,,,0.0,regret,0.001,300,40,0.2
knapsack-gen,sd1_s01_lr5e3,0,0.1,25.0,none,constant,,,,,0.0,regret,0.005,300,40,0.2
knapsack-gen,sd1_s05_lr1e2,0,0.5,25.0,none,constant,,,,,0.0,regret,0.01,300,40,0.2
knapsack-gen,sd1_s05_lr1e3,0,0.5,25.0,none,constant,,,,,0.0,regret,0.001,300,40,0.2
knapsack-gen,sd1_s05_lr5e3,0,0.5,25.0,none,constant,,,,,0.0,regret,0.005,300,40,0.2
knapsack-gen,smoke_sd,0,,,none,constant,,,,,0.0,regret,0.01,10,40,0.2
portfolio-real,sd1_lin_s01to0005_w0_lr1e3,0,0.1,5.0,none,linear_decay,0.1,0.005,400.0,0.0,0.0,regret,0.001,400,80,0.2
portfolio-real,sd1_lin_s01to0005_w0_lr5e3,0,0.1,5.0,none,linear_decay,0.1,0.005,400.0,0.0,0.0,regret,0.005,400,80,0.2
portfolio-real,sd1_lin_s01to0005_w20_lr1e3,20,0.1,5.0,none,linear_decay,0.1,0.005,400.0,20.0,0.0,regret,0.001,400,80,0.2
portfolio-real,sd1_lin_s01to0005_w20_lr5e3,20,0.1,5.0,none,linear_decay,0.1,0.005,400.0,20.0,0.0,regret,0.005,400,80,0.2
portfolio-real,sd1_lin_s01to0005_w50_lr1e3,50,0.1,5.0,none,linear_decay,0.1,0.005,400.0,50.0,0.0,regret,0.001,400,80,0.2
portfolio-real,sd1_lin_s01to0005_w50_lr5e3,50,0.1,5.0,none,linear_decay,0.1,0.005,400.0,50.0,0.0,regret,0.005,400,80,0.2
portfolio-real,sd1_lin_s01to001_w0_lr1e3,0,0.1,5.0,none,linear_decay,0.1,0.01,400.0,0.0,0.0,regret,0.001,400,80,0.2
portfolio-real,sd1_lin_s01to001_w0_lr5e3,0,0.1,5.0,none,linear_decay,0.1,0.01,400.0,0.0,0.0,regret,0.005,400,80,0.2
portfolio-real,sd1_lin_s01to001_w20_lr1e3,20,0.1,5.0,none,linear_decay,0.1,0.01,400.0,20.0,0.0,regret,0.001,400,80,0.2
portfolio-real,sd1_lin_s01to001_w20_lr5e3,20,0.1,5.0,none,linear_decay,0.1,0.01,400.0,20.0,0.0,regret,0.005,400,80,0.2
portfolio-real,sd1_lin_s01to001_w50_lr1e3,50,0.1,5.0,none,linear_decay,0.1,0.01,400.0,50.0,0.0,regret,0.001,400,80,0.2
portfolio-real,sd1_lin_s01to001_w50_lr5e3,50,0.1,5.0,none,linear_decay,0.1,0.01,400.0,50.0,0.0,regret,0.005,400,80,0.2
portfolio-real,sd1_lin_s03to001_w0_lr1e3,0,0.3,5.0,none,linear_decay,0.3,0.01,400.0,0.0,0.0,regret,0.001,400,80,0.2
portfolio-real,sd1_lin_s03to001_w0_lr5e3,0,0.3,5.0,none,linear_decay,0.3,0.01,400.0,0.0,0.0,regret,0.005,400,80,0.2
portfolio-real,sd1_lin_s03to001_w20_lr1e3,20,0.3,5.0,none,linear_decay,0.3,0.01,400.0,20.0,0.0,regret,0.001,400,80,0.2
portfolio-real,sd1_lin_s03to001_w20_lr5e3,20,0.3,5.0,none,linear_decay,0.3,0.01,400.0,20.0,0.0,regret,0.005,400,80,0.2
portfolio-real,sd1_lin_s03to001_w50_lr1e3,50,0.3,5.0,none,linear_decay,0.3,0.01,400.0,50.0,0.0,regret,0.001,400,80,0.2
portfolio-real,sd1_lin_s03to001_w50_lr5e3,50,0.3,5.0,none,linear_decay,0.3,0.01,400.0,50.0,0.0,regret,0.005,400,80,0.2
portfolio-real,sd1_lin_s05to001_w0_lr1e3,0,0.5,5.0,none,linear_decay,0.5,0.01,400.0,0.0,0.0,regret,0.001,400,80,0.2
portfolio-real,sd1_lin_s05to001_w0_lr5e3,0,0.5,5.0,none,linear_decay,0.5,0.01,400.0,0.0,0.0,regret,0.005,400,80,0.2
portfolio-real,sd1_lin_s05to001_w20_lr1e3,20,0.5,5.0,none,linear_decay,0.5,0.01,400.0,20.0,0.0,regret,0.001,400,80,0.2
portfolio-real,sd1_lin_s05to001_w20_lr5e3,20,0.5,5.0,none,linear_decay,0.5,0.01,400.0,20.0,0.0,regret,0.005,400,80,0.2
portfolio-real,sd1_lin_s05to001_w50_lr1e3,50,0.5,5.0,none,linear_decay,0.5,0.01,400.0,50.0,0.0,regret,0.001,400,80,0.2
portfolio-real,sd1_lin_s05to001_w50_lr5e3,50,0.5,5.0,none,linear_decay,0.5,0.01,400.0,50.0,0.0,regret,0.005,400,80,0.2
portfolio-real,sd1_lin_s05to005_w0_lr1e3,0,0.5,5.0,none,linear_decay,0.5,0.05,400.0,0.0,0.0,regret,0.001,400,80,0.2
portfolio-real,sd1_lin_s05to005_w0_lr5e3,0,0.5,5.0,none,linear_decay,0.5,0.05,400.0,0.0,0.0,regret,0.005,400,80,0.2
portfolio-real,sd1_lin_s05to005_w20_lr1e3,20,0.5,5.0,none,linear_decay,0.5,0.05,400.0,20.0,0.0,regret,0.001,400,80,0.2
portfolio-real,sd1_lin_s05to005_w20_lr5e3,20,0.5,5.0,none,linear_decay,0.5,0.05,400.0,20.0,0.0,regret,0.005,400,80,0.2
portfolio-real,sd1_lin_s05to005_w50_lr1e3,50,0.5,5.0,none,linear_decay,0.5,0.05,400.0,50.0,0.0,regret,0.001,400,80,0.2
portfolio-real,sd1_lin_s05to005_w50_lr5e3,50,0.5,5.0,none,linear_decay,0.5,0.05,400.0,50.0,0.0,regret,0.005,400,80,0.2
portfolio-real,sd1_s005_lr1e2,0,0.05,25.0,none,constant,,,,,0.0,regret,0.01,300,40,0.2
portfolio-real,sd1_s005_lr1e3,0,0.05,25.0,none,constant,,,,,0.0,regret,0.001,300,40,0.2
portfolio-real,sd1_s005_lr5e3,0,0.05,25.0,none,constant,,,,,0.0,regret,0.005,300,40,0.2
portfolio-real,sd1_s01_lr1e2,0,0.1,25.0,none,constant,,,,,0.0,regret,0.01,300,40,0.2
portfolio-real,sd1_s01_lr1e3,0,0.1,25.0,none,constant,,,,,0.0,regret,0.001,300,40,0.2
portfolio-real,sd1_s01_lr5e3,0,0.1,25.0,none,constant,,,,,0.0,regret,0.005,300,40,0.2
portfolio-real,sd1_s05_lr1e2,0,0.5,25.0,none,constant,,,,,0.0,regret,0.01,300,40,0.2
portfolio-real,sd1_s05_lr1e3,0,0.5,25.0,none,constant,,,,,0.0,regret,0.001,300,40,0.2
portfolio-real,sd1_s05_lr5e3,0,0.5,25.0,none,constant,,,,,0.0,regret,0.005,300,40,0.2
portfolio-real,sd1_w3_n1_s01_plw01_lr1e3,3,0.1,1.0,none,constant,,,,,0.1,regret,0.001,400,80,0.2
portfolio-real,sd1_w3_n1_s01_plw01_lr5e3,3,0.1,1.0,none,constant,,,,,0.1,regret,0.005,400,80,0.2
portfolio-real,sd1_w3_n1_s01_plw0_lr1e3,3,0.1,1.0,none,constant,,,,,0.0,regret,0.001,400,80,0.2
portfolio-real,sd1_w3_n1_s01_plw0_lr5e3,3,0.1,1.0,none,constant,,,,,0.0,regret,0.005,400,80,0.2
portfolio-real,sd1_w3_n1_s01_plw10_lr1e3,3,0.1,1.0,none,constant,,,,,1.0,regret,0.001,400,80,0.2
portfolio-real,sd1_w3_n1_s01_plw10_lr5e3,3,0.1,1.0,none,constant,,,,,1.0,regret,0.005,400,80,0.2
portfolio-real,sd1_w3_n1_s03_plw01_lr1e3,3,0.3,1.0,none,constant,,,,,0.1,regret,0.001,400,80,0.2
portfolio-real,sd1_w3_n1_s03_plw01_lr5e3,3,0.3,1.0,none,constant,,,,,0.1,regret,0.005,400,80,0.2
portfolio-real,sd1_w3_n1_s03_plw0_lr1e3,3,0.3,1.0,none,constant,,,,,0.0,regret,0.001,400,80,0.2
portfolio-real,sd1_w3_n1_s03_plw0_lr5e3,3,0.3,1.0,none,constant,,,,,0.0,regret,0.005,400,80,0.2
portfolio-real,sd1_w3_n1_s03_plw10_lr1e3,3,0.3,1.0,none,constant,,,,,1.0,regret,0.001,400,80,0.2
portfolio-real,sd1_w3_n1_s03_plw10_lr5e3,3,0.3,1.0,none,constant,,,,,1.0,regret,0.005,400,80,0.2
portfolio-real,sd1_w3_n1_s05_plw01_lr1e3,3,0.5,1.0,none,constant,,,,,0.1,regret,0.001,400,80,0.2
portfolio-real,sd1_w3_n1_s05_plw01_lr5e3,3,0.5,1.0,none,constant,,,,,0.1,regret,0.005,400,80,0.2
portfolio-real,sd1_w3_n1_s05_plw0_lr1e3,3,0.5,1.0,none,constant,,,,,0.0,regret,0.001,400,80,0.2
portfolio-real,sd1_w3_n1_s05_plw0_lr5e3,3,0.5,1.0,none,constant,,,,,0.0,regret,0.005,400,80,0.2
portfolio-real,sd1_w3_n1_s05_plw10_lr1e3,3,0.5,1.0,none,constant,,,,,1.0,regret,0.001,400,80,0.2
portfolio-real,sd1_w3_n1_s05_plw10_lr5e3,3,0.5,1.0,none,constant,,,,,1.0,regret,0.005,400,80,0.2
portfolio-real,sd1_w3_n1_s10_plw01_lr1e3,3,1.0,1.0,none,constant,,,,,0.1,regret,0.001,400,80,0.2
portfolio-real,sd1_w3_n1_s10_plw01_lr5e3,3,1.0,1.0,none,constant,,,,,0.1,regret,0.005,400,80,0.2
portfolio-real,sd1_w3_n1_s10_plw0_lr1e3,3,1.0,1.0,none,constant,,,,,0.0,regret,0.001,400,80,0.2
portfolio-real,sd1_w3_n1_s10_plw0_lr5e3,3,1.0,1.0,none,constant,,,,,0.0,regret,0.005,400,80,0.2
portfolio-real,sd1_w3_n1_s10_plw10_lr1e3,3,1.0,1.0,none,constant,,,,,1.0,regret,0.001,400,80,0.2
portfolio-real,sd1_w3_n1_s10_plw10_lr5e3,3,1.0,1.0,none,constant,,,,,1.0,regret,0.005,400,80,0.2
portfolio-real,sd1_w3_n5_s01_plw01_lr1e3,3,0.1,5.0,none,constant,,,,,0.1,regret,0.001,400,80,0.2
portfolio-real,sd1_w3_n5_s01_plw01_lr5e3,3,0.1,5.0,none,constant,,,,,0.1,regret,0.005,400,80,0.2
portfolio-real,sd1_w3_n5_s01_plw0_lr1e3,3,0.1,5.0,none,constant,,,,,0.0,regret,0.001,400,80,0.2
portfolio-real,sd1_w3_n5_s01_plw0_lr5e3,3,0.1,5.0,none,constant,,,,,0.0,regret,0.005,400,80,0.2
portfolio-real,sd1_w3_n5_s01_plw10_lr1e3,3,0.1,5.0,none,constant,,,,,1.0,regret,0.001,400,80,0.2
portfolio-real,sd1_w3_n5_s01_plw10_lr5e3,3,0.1,5.0,none,constant,,,,,1.0,regret,0.005,400,80,0.2
portfolio-real,sd1_w3_n5_s03_plw01_lr1e3,3,0.3,5.0,none,constant,,,,,0.1,regret,0.001,400,80,0.2
portfolio-real,sd1_w3_n5_s03_plw01_lr5e3,3,0.3,5.0,none,constant,,,,,0.1,regret,0.005,400,80,0.2
portfolio-real,sd1_w3_n5_s03_plw0_lr1e3,3,0.3,5.0,none,constant,,,,,0.0,regret,0.001,400,80,0.2
portfolio-real,sd1_w3_n5_s03_plw0_lr5e3,3,0.3,5.0,none,constant,,,,,0.0,regret,0.005,400,80,0.2
portfolio-real,sd1_w3_n5_s03_plw10_lr1e3,3,0.3,5.0,none,constant,,,,,1.0,regret,0.001,400,80,0.2
portfolio-real,sd1_w3_n5_s03_plw10_lr5e3,3,0.3,5.0,none,constant,,,,,1.0,regret,0.005,400,80,0.2
portfolio-real,sd1_w3_n5_s05_plw01_lr1e3,3,0.5,5.0,none,constant,,,,,0.1,regret,0.001,400,80,0.2
portfolio-real,sd1_w3_n5_s05_plw01_lr5e3,3,0.5,5.0,none,constant,,,,,0.1,regret,0.005,400,80,0.2
portfolio-real,sd1_w3_n5_s05_plw0_lr1e3,3,0.5,5.0,none,constant,,,,,0.0,regret,0.001,400,80,0.2
portfolio-real,sd1_w3_n5_s05_plw0_lr5e3,3,0.5,5.0,none,constant,,,,,0.0,regret,0.005,400,80,0.2
portfolio-real,sd1_w3_n5_s05_plw10_lr1e3,3,0.5,5.0,none,constant,,,,,1.0,regret,0.001,400,80,0.2
portfolio-real,sd1_w3_n5_s05_plw10_lr5e3,3,0.5,5.0,none,constant,,,,,1.0,regret,0.005,400,80,0.2
portfolio-real,sd1_w3_n5_s10_plw01_lr1e3,3,1.0,5.0,none,constant,,,,,0.1,regret,0.001,400,80,0.2
portfolio-real,sd1_w3_n5_s10_plw01_lr5e3,3,1.0,5.0,none,constant,,,,,0.1,regret,0.005,400,80,0.2
portfolio-real,sd1_w3_n5_s10_plw0_lr1e3,3,1.0,5.0,none,constant,,,,,0.0,regret,0.001,400,80,0.2
portfolio-real,sd1_w3_n5_s10_plw0_lr5e3,3,1.0,5.0,none,constant,,,,,0.0,regret,0.005,400,80,0.2
portfolio-real,sd1_w3_n5_s10_plw10_lr1e3,3,1.0,5.0,none,constant,,,,,1.0,regret,0.001,400,80,0.2
portfolio-real,sd1_w3_n5_s10_plw10_lr5e3,3,1.0,5.0,none,constant,,,,,1.0,regret,0.005,400,80,0.2
portfolio-real,sd1_w4_n1_s001_plw01_lr1e3,4,0.01,1.0,none,constant,,,,,0.1,regret,0.001,400,80,0.2
portfolio-real,sd1_w4_n1_s001_plw01_lr5e3,4,0.01,1.0,none,constant,,,,,0.1,regret,0.005,400,80,0.2
portfolio-real,sd1_w4_n1_s001_plw0_lr1e3,4,0.01,1.0,none,constant,,,,,0.0,regret,0.001,400,80,0.2
portfolio-real,sd1_w4_n1_s001_plw0_lr5e3,4,0.01,1.0,none,constant,,,,,0.0,regret,0.005,400,80,0.2
portfolio-real,sd1_w4_n1_s001_plw10_lr1e3,4,0.01,1.0,none,constant,,,,,1.0,regret,0.001,400,80,0.2
portfolio-real,sd1_w4_n1_s001_plw10_lr5e3,4,0.01,1.0,none,constant,,,,,1.0,regret,0.005,400,80,0.2
portfolio-real,sd1_w4_n1_s005_plw01_lr1e3,4,0.05,1.0,none,constant,,,,,0.1,regret,0.001,400,80,0.2
portfolio-real,sd1_w4_n1_s005_plw01_lr5e3,4,0.05,1.0,none,constant,,,,,0.1,regret,0.005,400,80,0.2
portfolio-real,sd1_w4_n1_s005_plw0_lr1e3,4,0.05,1.0,none,constant,,,,,0.0,regret,0.001,400,80,0.2
portfolio-real,sd1_w4_n1_s005_plw0_lr5e3,4,0.05,1.0,none,constant,,,,,0.0,regret,0.005,400,80,0.2
portfolio-real,sd1_w4_n1_s005_plw10_lr1e3,4,0.05,1.0,none,constant,,,,,1.0,regret,0.001,400,80,0.2
portfolio-real,sd1_w4_n1_s005_plw10_lr5e3,4,0.05,1.0,none,constant,,,,,1.0,regret,0.005,400,80,0.2
portfolio-real,sd1_w4_n5_s001_plw01_lr1e3,4,0.01,5.0,none,constant,,,,,0.1,regret,0.001,400,80,0.2
portfolio-real,sd1_w4_n5_s001_plw01_lr5e3,4,0.01,5.0,none,constant,,,,,0.1,regret,0.005,400,80,0.2
portfolio-real,sd1_w4_n5_s001_plw0_lr1e3,4,0.01,5.0,none,constant,,,,,0.0,regret,0.001,400,80,0.2
portfolio-real,sd1_w4_n5_s001_plw0_lr5e3,4,0.01,5.0,none,constant,,,,,0.0,regret,0.005,400,80,0.2
portfolio-real,sd1_w4_n5_s001_plw10_lr1e3,4,0.01,5.0,none,constant,,,,,1.0,regret,0.001,400,80,0.2
portfolio-real,sd1_w4_n5_s001_plw10_lr5e3,4,0.01,5.0,none,constant,,,,,1.0,regret,0.005,400,80,0.2
portfolio-real,sd1_w4_n5_s005_plw01_lr1e3,4,0.05,5.0,none,constant,,,,,0.1,regret,0.001,400,80,0.2
portfolio-real,sd1_w4_n5_s005_plw01_lr5e3,4,0.05,5.0,none,constant,,,,,0.1,regret,0.005,400,80,0.2
portfolio-real,sd1_w4_n5_s005_plw0_lr1e3,4,0.05,5.0,none,constant,,,,,0.0,regret,0.001,400,80,0.2
portfolio-real,sd1_w4_n5_s005_plw0_lr5e3,4,0.05,5.0,none,constant,,,,,0.0,regret,0.005,400,80,0.2
portfolio-real,sd1_w4_n5_s005_plw10_lr1e3,4,0.05,5.0,none,constant,,,,,1.0,regret,0.001,400,80,0.2
portfolio-real,sd1_w4_n5_s005_plw10_lr5e3,4,0.05,5.0,none,constant,,,,,1.0,regret,0.005,400,80,0.2
portfolio-real,sd1_w5_s0_lr1e2,5,0.0,1.0,none,constant,,,,,0.0,regret,0.01,400,80,0.2
portfolio-real,sd1_w5_s0_lr1e3,5,0.0,1.0,none,constant,,,,,0.0,regret,0.001,400,80,0.2
portfolio-real,sd1_w5_s0_lr1e4,5,0.0,1.0,none,constant,,,,,0.0,regret,0.0001,400,80,0.2
portfolio-real,sd1_w5_s0_lr5e3,5,0.0,1.0,none,constant,,,,,0.0,regret,0.005,400,80,0.2
portfolio-real,sd1_w5_s0_lr5e4,5,0.0,1.0,none,constant,,,,,0.0,regret,0.0005,400,80,0.2
portfolio-real,smoke_sd,0,,,none,constant,,,,,0.0,regret,0.01,10,40,0.2
